 ,NOMBRE,SEGUIDORES,TP,PAÍS,TEMA DE INFLUENCIA,ALCANCE POTENCIAL,GUARDAR,INVITAR A LA CAMPAÑA,channel_name,total_subscribers,total_views,total_videos
1,NoCopyrightSounds @UC_aEa8K-EOJ3D6gOs7HcyNg,32.9M,-,Reino Unido,Música,9.9M,,Ver Perfil,NoCopyrightSounds,33900000,11598958518,1917
2,DanTDM @UCS5Oz6CHmeoF7vSad0qqXfw,26.3M,-,Reino Unido,,7.9M,,Ver Perfil,DanTDM,29200000,20094069379,3742
3,KSI @UCVtFOytbRpEvzLjvqGG5gxQ,24M,-,Reino Unido,,7.2M,,Ver Perfil,KSI,25000000,6202626634,1266
4,Mister Max @UC_8PAD0Qmi6_gpe77S1Atgg,23M,0.10%,Reino Unido,,6.9M,,Ver Perfil,Mister Max,24900000,16398927565,1184
5,Jelly @UC0DZmkupLYwc0yDsfocLh0A,22.9M,-,Reino Unido,,6.9M,,Ver Perfil,Jelly,23500000,15241740756,6673
6,Miss Katy @UCcartHVtvAUzfajflyeT_Gg,22.6M,-,Reino Unido,,6.8M,,Ver Perfil,Miss Katy,25300000,16155863862,1132
7,Dua Lipa @UC-J-KZfRV8c13fOCkhXdLiQ,21.1M,-,Reino Unido,,6.3M,,Ver Perfil,Dua Lipa,24000000,14141660405,308
8,Dan Rhodes @UC6D1L2vxEAg_Vi0JSxMBDgA,17.7M,0.30%,Reino Unido,,5.3M,,Ver Perfil,Dan Rhodes,27000000,19133241385,1678
9,Ali-A @UCYVinkwSX7szARULgYpvhLw,17.7M,-,Reino Unido,,5.3M,,Ver Perfil,Ali-A,19500000,6788525261,4580
10,Gaby and Alex @UCHwBjRoGO1V-H8QYXjSVHkQ,17M,-,Reino Unido,,5.1M,,Ver Perfil,Gaby and Alex,17200000,9042212203,369
11,Sidemen @sidemen,17M,2.80%,Reino Unido,,5.1M,,Ver Perfil,Queen Official,18200000,12133577743,1306
12,Queen Official @UCiMhD4jzUqG-IgPzUmmytRQ,16.3M,-,Reino Unido,,4.9M,,Ver Perfil,Little Mix,16400000,8158285138,278
13,Little Mix @UCIvqWqjC4aLvp7zI8hzARrA,16.1M,-,Reino Unido,,4.8M,,Ver Perfil,JJ Olatunji,16400000,4448374814,1410
14,JJ Olatunji @UCGmnsW623G1r-Chmo5RB4Yw,15.9M,-,Reino Unido,,4.8M,,Ver Perfil,F2Freestylers - Ultimate Soccer Skills Channel,14000000,3377602388,783
15,F2Freestylers - Ultimate Soccer Skills Channel @UCKvn9VBLAiLiYL4FFJHri6g,14M,0.20%,Reino Unido,Celebridad,4.2M,,Ver Perfil,BBC News,17400000,5861359891,24476
16,BBC News @UC16niRr50-MSBwiO3YDb3RA,13.3M,-,Reino Unido,,4M,,Ver Perfil,BBC,14700000,10962238728,22141
17,BBC @UCCj956IF62FbT7Gouszaj9w,12.9M,-,Reino Unido,,3.9M,,Ver Perfil,Awakening Music,14500000,6177515430,996
18,Awakening Music @UCBq5hp6DvwWam2XOXw6lYJA,12.4M,-,संयुक्त अधिराज्य,सङ्गीत,3.7M,,प्रोफ़ाइल देखें,DisneyChannelUK,13400000,13978601270,4601
19,DisneyChannelUK @UCLeuoGy_hUDTBf5Hk0ynrpQ,12.3M,-,संयुक्त अधिराज्य,,3.7M,,प्रोफ़ाइल देखें,colinfurze,13100000,1829343095,420
20,colinfurze @UCp68_FLety0O-n9QU6phsgw,11.9M,0.60%,संयुक्त अधिराज्य,,3.6M,,प्रोफ़ाइल देखें,Mrwhosetheboss,20600000,6628053367,1773
21,Mrwhosetheboss @UCMiJRAwDNSNzuYeN2uWa0pA,11.8M,1.90%,संयुक्त अधिराज्य,,3.5M,,प्रोफ़ाइल देखें,TommyInnit,15100000,2536435962,506
22,TommyInnit @UC5p_l5ZeB_wGjO_yDXwiqvw,11.7M,-,संयुक्त अधिराज्य,,3.5M,,प्रोफ़ाइल देखें,Morgz,12700000,3576524256,854
23,Morgz @UCBwSufNse8VMBvQM_rCSvgQ,11.6M,0.10%,संयुक्त अधिराज्य,,3.5M,,प्रोफ़ाइल देखें,Tiana,11400000,3257965423,1055
24,Tiana @UC6sSkkemzPjmrzS0Y0V_2zw,11.4M,-,संयुक्त अधिराज्य,,3.4M,,प्रोफ़ाइल देखें,Disney Kids,13200000,13293805036,3468
25,DisneyJuniorUK @UC7Gf2tZ8coTX2ckTPgn62iQ,11.2M,-,संयुक्त अधिराज्य,,3.4M,,प्रोफ़ाइल देखें,Emily Tube,11100000,3782169305,718
26,Emily Tube @UC-0D1RlSzcvBoODCKSoLl2g,11M,-,संयुक्त अधिराज्य,,3.3M,,प्रोफ़ाइल देखें,Slogo,11800000,9239355680,6683
27,Slogo @UCHdMK5Ef2El8KbD3L_WgANg,10.9M,-,संयुक्त अधिराज्य,,3.3M,,प्रोफ़ाइल देखें,Jessie J,10700000,6032804689,96
28,Jessie J @UC4pEp0mo54WhEBCTYvjVDJA,10.4M,-,संयुक्त अधिराज्य,,3.1M,,प्रोफ़ाइल देखें,Sing King,13100000,9226586110,4760
29,Sing King @UCwTRjvjVge51X-ILJ4i22ew,10.2M,-,संयुक्त अधिराज्य,,3.1M,,प्रोफ़ाइल देखें,BBC News عربي,12200000,5254789432,43290
30,BBC News عربي @UCelk6aHijZq-GJBBB9YpReA,10.1M,-,संयुक्त अधिराज्य,,3M,,प्रोफ़ाइल देखें,Classic Mr Bean,10700000,3504690274,2035
31,Classic Mr Bean @UCEwIUtFBhaI2L2PuKv0KL2g,9.9M,-,संयुक्त अधिराज्य,,3M,,प्रोफ़ाइल देखें,Syndicate,9590000,2139000037,3539
32,Syndicate @UC1ieoHqKW-yYgDhLHIcx28w,9.7M,-,संयुक्त अधिराज्य,,2.9M,,प्रोफ़ाइल देखें,Gorillaz,11500000,6425322073,364
33,Gorillaz @UCfIXdjDQH9Fau7y99_Orpjw,9.4M,0.10%,संयुक्त अधिराज्य,,2.8M,,प्रोफ़ाइल देखें,Woody & Kleiny,15800000,15098748737,1321
34,Woody & Kleiny @UCoGForHQAmk0_9rI9CABeYw,9.4M,1.10%,संयुक्त अधिराज्य,,2.8M,,प्रोफ़ाइल देखें,Jungle Beat,12400000,6358897907,1009
35,Jungle Beat @UChUHOEe7zgYmrv7a_LlpNng,9.3M,-,संयुक्त अधिराज्य,यात्रा,2.8M,,प्रोफ़ाइल देखें,The X Factor UK,9230000,7081309840,5624
36,Julius Dein @juliusdein,9.2M,-,संयुक्त अधिराज्य,,2.8M,,प्रोफ़ाइल देखें,English with Lucy,11900000,541803480,396
37,The X Factor UK @UCEY1ejsweY4DgMwOVJeEaBA,9.1M,0.10%,संयुक्त अधिराज्य,,2.7M,,प्रोफ़ाइल देखें,Shaun the Sheep Official,12800000,7003037164,1099
38,English with Lucy @UCz4tgANd4yy8Oe0iXCdSWfA,9M,-,संयुक्त अधिराज्य,,2.7M,,प्रोफ़ाइल देखें,Cartoons for Kids,9100000,3499890508,2747
39,Shaun the Sheep @UCS7H8U-n5mINVJjJsaRtGHg,8.9M,-,संयुक्त अधिराज्य,,2.7M,,प्रोफ़ाइल देखें,Mumbo Jumbo,9510000,3199183423,2130
40,Cartoons for Kids @UC977n5nXRn8MDuGQjwxkOLw,8.7M,-,संयुक्त अधिराज्य,,2.6M,,प्रोफ़ाइल देखें,Top Gear,9230000,4136725832,1986
41,Mumbo Jumbo @UChFur_NwVSbUozOcF_F2kMg,8.5M,1.70%,संयुक्त अधिराज्य,भिडियो गेमिङ,2.6M,,प्रोफ़ाइल देखें,Moonbug Kids - Kids Learning Videos,13500000,9612182162,1854
42,Top Gear @UCjOl2AUblVmg2rA_cRgZkFg,8.4M,-,संयुक्त अधिराज्य,,2.5M,,प्रोफ़ाइल देखें,BBC Radio 1,8370000,3858844999,4030
43,Moonbug Kids - Kids Learning Videos @UC1QqdFv5e9QSEi0eYdfwuqw,8.3M,-,संयुक्त अधिराज्य,,2.5M,,प्रोफ़ाइल देखें,Grian,8680000,2585700867,785
44,BBC Radio 1 @UC-FQUIVQ-bZiefzBiQAa8Fw,8.1M,-,संयुक्त अधिराज्य,,2.4M,,प्रोफ़ाइल देखें,Daz Games,9010000,2935918508,1633
45,Liverpool FC @liverpoolfc,8M,-,संयुक्त अधिराज्य,,2.4M,,प्रोफ़ाइल देखें,Vikkstar123,7590000,2180682998,5080
46,Grian @UCR9Gcq0CMm6YgTzsDxAxjOQ,7.8M,1.80%,संयुक्त अधिराज्य,,2.3M,,प्रोफ़ाइल देखें,PlayToys,7950000,3110013626,966
47,Daz Games @UCDBCCMlFD-hArPbWv38FINA,7.6M,0.30%,संयुक्त अधिराज्य,,2.3M,,प्रोफ़ाइल देखें,carwow,10000000,4514961445,3000
48,Vikkstar123 @UCvwgF_0NOZe2vN4Q3g1bY-A,7.6M,-,संयुक्त अधिराज्य,,2.3M,,प्रोफ़ाइल देखें,Jeremy Lynch,12900000,7039324310,911
49,PlayToys @UCHFA6Nt11kE_8OWIya0SQDQ,7.6M,-,संयुक्त अधिराज्य,,2.3M,,प्रोफ़ाइल देखें,TomSka,7390000,2124816250,180
50,carwow @UCUhFaUpnq31m6TNX2VKVSVA,7.5M,0.20%,संयुक्त अधिराज्य,,2.2M,,प्रोफ़ाइल देखें,The Yogscast,7060000,4624892309,6958
51,Jeremy Lynch @UC5Y1pPVNm-odhiubuRO1D6A,7.4M,-,संयुक्त अधिराज्य,,2.2M,,प्रोफ़ाइल देखें,LDShadowLady,7300000,3529832666,1090
52,TomSka @UCOYWgypDktXdb-HfZnSMK6A,7.2M,2.20%,संयुक्त अधिराज्य,,2.2M,,प्रोफ़ाइल देखें,The Beatles,8760000,7774495111,344
53,YOGSCAST Lewis & Simon @UCH-_hzb2ILSCo9ftVSnrCIQ,7.1M,-,संयुक्त अधिराज्य,समाचारहरू,2.1M,,प्रोफ़ाइल देखें,Passenger,7600000,4803440649,395
54,LDShadowLady @UCzTlXb7ivVzuFlugVCv3Kvg,7M,-,संयुक्त अधिराज्य,भिडियो गेमिङ,2.1M,,प्रोफ़ाइल देखें,MessYourself,6880000,2585840625,1067
55,The Beatles @UCc4K7bAqpdBP8jh1j9XZAww,6.9M,0.10%,संयुक्त अधिराज्य,,2.1M,,प्रोफ़ाइल देखें,MoreSidemen,9120000,5067672058,1236
56,Passenger @UCFHtCB_FWXQ8GpjgfYcD8-g,6.9M,-,संयुक्त अधिराज्य,,2.1M,,प्रोफ़ाइल देखें,Boomerang UK,7860000,3947666298,2641
57,MessYourself @UCrSgaO6xOY8YV1EoCbD51HA,6.9M,-,संयुक्त अधिराज्य,,2.1M,,प्रोफ़ाइल देखें,James Arthur,7590000,4780592788,259
58,MoreSidemen @UCh5mLn90vUaB1PbRRx_AiaA,6.8M,0.60%,संयुक्त अधिराज्य,,2M,,प्रोफ़ाइल देखें,ARPO The Robot,7790000,3358887829,1558
59,Boomerang UK @UCmst562fALOY2cKb4IFgqEg,6.8M,-,संयुक्त अधिराज्य,,2M,,प्रोफ़ाइल देखें,24 News HD,8540000,3814572360,186852
60,James Arthur @UCV5Gw7GGOMxe6SSF6llp_3Q,6.8M,-,संयुक्त अधिराज्य,,2M,,प्रोफ़ाइल देखें,RubyandBonnie,9590000,5874563051,703
61,ARPO The Robot @UCrSx8rek9EuC3YGHvG8aalw,6.7M,-,संयुक्त अधिराज्य,,2M,,प्रोफ़ाइल देखें,Nickelodeon UK,7360000,7831445642,3451
62,24 News HD @UCcmpeVbSSQlZRvHfdC-CRwg,6.7M,-,संयुक्त अधिराज्य,,2M,,प्रोफ़ाइल देखें,Mark Ronson,7030000,6927369414,20
63,RubyandBonnie @UC_wITz-Ze4JFc3WLQA1n3Hw,6.6M,-,संयुक्त अधिराज्य,,2M,,प्रोफ़ाइल देखें,Rhia Official,14600000,6914353620,1046
64,Nickelodeon UK @UCHiceVclOIFCgAcveITRLLw,6.6M,-,संयुक्त अधिराज्य,,2M,,प्रोफ़ाइल देखें,UKF Dubstep,6230000,2147889139,1851
65,Mark Ronson @UCSY5V7BJSrxNvvBF0Drslow,6.5M,-,संयुक्त अधिराज्य,,2M,,प्रोफ़ाइल देखें,TGFbro,6150000,1479463416,472
66,Rhia Official @UCQdsJ95w9jh-yB0BA6EDGWA,6.4M,-,संयुक्त अधिराज्य,,1.9M,,प्रोफ़ाइल देखें,Wilbur Soot,5570000,801308925,139
67,UKF Dubstep @UCfLFTP1uTuIizynWsZq2nkQ,6.3M,-,संयुक्त अधिराज्य,,1.9M,,प्रोफ़ाइल देखें,Russell Brand,6850000,1513318934,3700
68,TGFbro @UCOgUcv_9DaivXzsN9mcHIzQ,6.2M,0.90%,संयुक्त अधिराज्य,,1.9M,,प्रोफ़ाइल देखें,Manchester United,9820000,2609897851,4694
69,Wilbur Soot @UC1n_PfsVqxllCcnMPlxBIjw,6.2M,2.60%,संयुक्त अधिराज्य,,1.9M,,प्रोफ़ाइल देखें,Pingu - Official Channel,7220000,2952849195,724
70,Russell Brand @UCswH8ovgUp5Bdg-0_JTYFNw,6.2M,-,संयुक्त अधिराज्य,,1.9M,,प्रोफ़ाइल देखें,Mrwhosetheboss Plus,7110000,3840695346,186
71,Manchester United @UC6yW44UGJJBvYTlfC7CRg2Q,6.2M,0.20%,संयुक्त अधिराज्य,,1.9M,,प्रोफ़ाइल देखें,Niko Omilana,7700000,650327178,142
72,Pingu - Official Channel @UCM88mtSE0zRTn5ae4EbYcuw,6.2M,-,संयुक्त अधिराज्य,,1.8M,,प्रोफ़ाइल देखें,The Wilsons,5840000,1650138196,414
73,Mrwhosetheboss Shorts @UCZSlfzadjnw7G419c_OJ9eg,6.1M,-,संयुक्त अधिराज्य,,1.8M,,प्रोफ़ाइल देखें,Capital FM,6300000,3768922568,2853
74,Niko Omilana @UCdcUmdOxMrhRjKMw-BX19AA,6M,16.20%,संयुक्त अधिराज्य,,1.8M,,प्रोफ़ाइल देखें,Simon's Cat,6360000,1648711713,579
75,Tiana Wilson @UC7_yh9PEDpaqp34QtGO-_Yw,5.9M,-,संयुक्त अधिराज्य,,1.8M,,प्रोफ़ाइल देखें,CGP Grey,6640000,1117026220,192
76,Capital FM @UCZzwjZPc6R_PbnDgFVMwlvQ,5.8M,-,संयुक्त अधिराज्य,,1.7M,,प्रोफ़ाइल देखें,Jamie Oliver,6010000,994114797,2250
77,Simon's Cat @UCH6vXjt-BA7QHl0KnfL-7RQ,5.8M,0.30%,संयुक्त अधिराज्य,,1.7M,,प्रोफ़ाइल देखें,Dumori Bay,5280000,1140044,225
78,CGP Grey @UC2C_jShtL725hvbm1arSV9w,5.8M,-,संयुक्त अधिराज्य,,1.7M,,प्रोफ़ाइल देखें,Space Videos,5580000,30346480,141
79,Jamie Oliver @UCpSgg_ECBj25s9moCDfSTsA,5.8M,-,संयुक्त अधिराज्य,,1.7M,,प्रोफ़ाइल देखें,Real Stories,6470000,1107597605,1120
80,ChrisMD @sirhcchris2010,5.6M,2.20%,संयुक्त अधिराज्य,,1.7M,,प्रोफ़ाइल देखें,More Emily,5250000,1473456369,610
81,Dumori Bay @UC-VDfQNL-S44eZscGlXI14g,5.6M,-,संयुक्त अधिराज्य,,1.7M,,प्रोफ़ाइल देखें,GRM Daily,6520000,7862212167,15254
82,Space Videos @UCakgsb0w7QB0VHdnCc-OVEA,5.5M,-,संयुक्त अधिराज्य,,1.7M,,प्रोफ़ाइल देखें,Joe Weller,5300000,1026419650,331
83,Real Stories @UCu4XcDBdnZkV6-5z2f16M0g,5.5M,-,संयुक्त अधिराज्य,प्रसिद्धि,1.7M,,प्रोफ़ाइल देखें,WildBrain Kids,10300000,5008939729,5623
84,More Emily @UCO66lK14MYiXlu0A6pQ4ouA,5.4M,-,संयुक्त अधिराज्य,,1.6M,,प्रोफ़ाइल देखें,Sky News,8290000,4885361014,58052
85,GRM Daily @UCqTwKvjbTENZDGbz2si47ag,5.3M,-,संयुक्त अधिराज्य,,1.6M,,प्रोफ़ाइल देखें,Jarvis,5660000,1745722341,831
86,Joe Weller @UCLk9wddjT0F-HILLRFXodtg,5.3M,1.90%,संयुक्त अधिराज्य,,1.6M,,प्रोफ़ाइल देखें,Thoughty2,5600000,1101709773,859
87,WildBrain Kids @UCbmWOFTbZoDLWqG1rvFnJ0g,5.2M,-,संयुक्त अधिराज्य,प्रसिद्धि,1.6M,,प्रोफ़ाइल देखें,Behzinga,4940000,582890036,872
88,Sky News @UCoMdktPbSTixAyNGwb-UYkQ,5.2M,-,संयुक्त अधिराज्य,,1.5M,,प्रोफ़ाइल देखें,BBC Learning English,7640000,386448167,3859
89,Jarvis @UCvxfEIG3PHpgM0TMJJ_SH-w,5M,0.80%,संयुक्त अधिराज्य,,1.5M,,प्रोफ़ाइल देखें,Max and Katy,4680000,1317982453,510
90,Thoughty2 @UCRlICXvO4XR4HMeEB9JjDlA,5M,-,संयुक्त अधिराज्य,,1.5M,,प्रोफ़ाइल देखें,Man City,8200000,2294920279,9052
91,TheDadLab @thedadlab,5M,-,संयुक्त अधिराज्य,,1.5M,,प्रोफ़ाइल देखें,Wisp,5450000,1183473137,570
92,Behzinga @UCHhfSXoDG6gSgpOvLH4wrRw,4.9M,-,संयुक्त अधिराज्य,,1.5M,,प्रोफ़ाइल देखें,WillNE,5120000,881534415,310
93,BBC Learning English @UCHaHD477h-FeBbVh9Sh7syA,4.8M,-,संयुक्त अधिराज्य,,1.4M,,प्रोफ़ाइल देखें,Zerkaa,4700000,875356185,2030
94,Max and Katy @UCvZwcK22QTUaM18KE7mHeNw,4.8M,-,संयुक्त अधिराज्य,,1.4M,,प्रोफ़ाइल देखें,Ben Phillips,4520000,1287625714,877
95,Man City @UCkzCjdRMrW2vXLx8mvPVLdQ,4.8M,-,संयुक्त अधिराज्य,,1.4M,,प्रोफ़ाइल देखें,Roxxsaurus,4560000,551943279,1017
96,Wisp @UC0h07r_UgTD0Tc-Dn5XLX3g,4.7M,1.10%,संयुक्त अधिराज्य,,1.4M,,प्रोफ़ाइल देखें,,,,
97,WillNE @UCaFUrR3oSxOl5Y9y6tvLTEg,4.7M,2.40%,संयुक्त अधिराज्य,,1.4M,,प्रोफ़ाइल देखें,,,,
98,Zerkaa @UChntGq8THlUokhc1tT-M2wA,4.7M,2.30%,संयुक्त अधिराज्य,,1.4M,,प्रोफ़ाइल देखें,,,,
99,Ben Phillips @UChoQQRDf-zU1h6_YjKkWvdw,4.6M,-,संयुक्त अधिराज्य,,1.4M,,प्रोफ़ाइल देखें,,,,
100,Roxxsaurus @UCBKFH7bU2ebvO68FtuGjyyw,4.5M,-,संयुक्त अधिराज्य,,1.4M,,प्रोफ़ाइल देखें,,,,
